{
    "playableFaction":true,
    "corvusCompatible":true,
	"freeStart":false,
	"ngcTooltip":"The Iron Shell, founded by a person that it is named after, is an incorporated sub-division of the Hegemony Military that specializes in scavenged weapons and ships cobbled together from the scraps of the former Domain. It is often considered a penal faction.",
    "rebelFleetSuffix":"Traitors",
    
	"asteroidMiningFleetName":"Scavenger",
    "gasMiningFleetName":"Collecter",
    "invasionFleetName":"Liberator",
    "responseFleetName":"Mourner",
    "invasionSupportFleetName":"Crucifixer",
    "defenceFleetName":"Guardian",
	
    "marketSpawnWeight":1,
	
    "startRelationships":{ "tritachyon": -0.3, "persean":-0.5, "hegemony":1.00 },
    
    "alignments":{
        "technocratic":-0.5,
        "militarist":1,
        "diplomatic":-0.5,
        "ideological":0.5,
    },
	"diplomacyTraits":["stalwart", "neutralist", "anarchist", "lowprofile", "devious", "helps_allies", "dislikes_ai"],
    
	"minRelationships":{
		"hegemony": -0.25,
	},
	
	"freeMarket":true,
	
    # chance of the faction being picked to send a colony expedition. Default 0 (disabled)
    "colonyExpeditionChance":0,	# baseline expansion behaviour
    "colonyTargetValuator":"exerelin.campaign.colony.IndustrialColonyTargetValuator",
    
    "specialForcesNamerClass":"exerelin.campaign.intel.specialforces.namer.PlanetNamer",
    
    "startShipsSolo":[["enforcer_xiv"]],
    "startShipsCombatSmall":[
      ["enforcer_xiv", "enforcer_xiv", "enforcer_xiv"],
    ],
    "startShipsTradeSmall":[["mule_Starting", "hound_hegemony_Standard", "kite_hegemony_Interceptor"]],
    "startShipsTradeLarge":[["colossus_Standard", "mule_Standard", "kite_Starting"]],
    "startShipsExplorerLarge":[["venture_Balanced", "buffalo_hegemony_Standard", "shepherd_Frontier"]],
	"startShipsCombatLarge":[
      ["eis_champion_assault", "hammerhead_Elite", "sunder_Assault"],
      ["eis_dauntless_standard", "enforcer_XIV_Elite", "enforcer_XIV_Elite"],
	  ["eis_vengeance_strike", "eis_audacious_assault", "eis_audacious_assault"],
	  ["eis_endeavor_standard", "eagle_xiv_Elite", "falcon_xiv_Elite"],
    ],
    "startShipsCarrierSmall":[["falcon_xiv_Elite", "lasher_Standard", "hound_hegemony_Standard"]],
    "startShipsCarrierLarge":[["mora_Assault", "enforcer_XIV_Elite", "lasher_Strike"]],
    "startShipsGrandFleet":[
	["eis_vengeance_strike", "eis_endeavor_standard", "eis_dauntless_standard", "eis_champion_assault", "eis_audacious_assault", "eis_audacious_assault"],
	],
   
	
	"startSpecialItems":[
        [["eis_package", ""]],
    ],
    
    "defenceStations":[
        {"ids":["orbitalstation", "battlestation", "starfortress"]},
        {"ids":["orbitalstation_mid", "battlestation_mid", "starfortress_mid"], "weight":0.5},
    ],
    
    "industrySeeds":[
        {"id":"orbitalworks", "mult":0.1},
        {"id":"fuelprod", "mult":0.1},
        {"id":"lightindustry", "mult":0.1},
    ],
    
    "bonusSeeds":[
        {"id":"population_upsize", "count":1},
        {"id":"nanoforge_pristine", "count":1},
    ],
}
