{
    "id": "timid_xiv",
    "name": "Iron Shell",
    "author": "Techpriest & Selkie",
    "utility": "false",
    "version": "0.94",
    "description": "Adds a faction that is one of the Hegemony's finest tax collectors. Adds multiple XIV ships.",
    "gameVersion": "0.95a-RC15",
	"jars":["jars/EternalIronShell.jar"],
	"dependencies": [
    {"id": "lw_lazylib", "name": "LazyLib"},
	{"id": "shaderLib", "name": "GraphicsLib"},
	{"id": "MagicLib", "name": "MagicLib"},
  ],
	"modPlugin":"data.scripts.eis_modPlugin",
}