id,type,text1,text2,text3,notes
ironshell,FACTION,"The Iron Shell is a military division of the Hegemony, responsible for collecting tariffs and administering the official Hegemony tax code. Part of the Ministry of Commerce where its duties lies in providing tax ""relief"" to tax dissidents; pursuing and resolving instances of tax evasions and overseeing various programs, including the AI Inspection Regulations and XIV Armor Reclamation Initiative.

Since its establishment, the Iron Shell are responsible for collecting most of the revenue needed to fund Hegemony albeit facing controversies and opposition over its methods, legality, and the principle of taxation in a post-Collapse Sector. During the Askonia Crisis, the division struggled with traitors and reduced morale from the creation of the Sindrian Diktat. Nonetheless, during the Second AI War, the division collected trillions worth of credits to refund the next Hegemony's warfleet upgrades.

With a credit surplus in the budget, the Iron Shell spends lavishly to spare no expenses in a future plan to bring the Iron Shell back to her former glory.",,,
planet_chitagupta_ironshell,CUSTOM,"The watery surface of this azure planet is the byproduct of relentless bombardment from distant past. Its original icy hell nature gradually melts over decades due to the unprecedented greenhouse effect produced from the horrible aftermath. It is now teeming with undersea lifeforms by the import of sealife from Jangala.

Sprawling arcologies gloriously rests above the beating heart of Iron Shell; a wide array of formidable planetary defenses swirl around its vicinity protecting it from hostile forces.",,"Dubbed as a gleaming cerulean haven in the unforgiving space of Naraka. The presence of Iron Shell provides additional security and food to the colonies of Naraka. This planet is famous for its recreational facilities and resorts, which is exclusively available for the big-personalities of Hegemony seeking a respite from their strenuous duties. Common citizens can still use and access these first rate amenities, that is if they can afford the exorbitant price.",
planet_yami_ironshell,CUSTOM,"Despite the desolate appearance from the outside, Yami's subterranean dwellings have a bustling designated market block that welcomes the trader and high profile patrons coming from the starport. In some occasion, the prison wardens hold an auction for high-valued prisoners or those talented enough to be useful for someone with fattened pockets, regardless of purpose or reason.",,"Under the new Iron Shell administration established by the Hegemony, the frozen celestial body serves as a penal colony for political dissidents, criminals, and elusive tax evaders.

A majority of them struggle in serving their sentence as the chilly, cramped mines of Yami constantly wears at their physical body. There are some who manage to escape the prisons only to find out that there is no escaping the moon itself under planetary security.",
,,,,,
#Ships,,,,,
eis_broadsword,SHIP,"Tougher and only slightly less agile, the XIVth Battlegroup Broadsword exchange its storage of flare launcher to a single flare for an increased firepower when compared to its regular, cheaper counterpart.",,,
eis_gladius,SHIP,"Deadlier and more armored, the XIVth Battlegroup Gladius excels at overwhelming enemy shield generators when grouped up among interceptor groups.",,,
eis_warthog,SHIP,The XIVth Battlegroup Warthog is a support wing equipped with a shield-breaking weapon capable of providing immense support fire.,,,
eis_xyphos,SHIP,"The XIV Battlegroup took this highly effective support wing and armed it with ballistic weapons giving them an affordable cost for their strength. A unique fighter in contrast to the already unique regular grade of Xyphos, its ballistic weapon enable a large firepower to protect its carrier from other wings and bombers as well as deal adequate damage to nearby enemy ships without their shields.",,,
eis_kopis,SHIP,"Nimble and equipped, the Kopis deals crippling damage to poorly-shielded targets, leaving permanent damage on its own if not shot down.",,,
eis_khopesh,SHIP,"The XIVth Battlegroup Khopesh delivers a rocket barrage to its target from afar. Although, safer to do so, it does not boast the same amount of damage potential compared to a regular bomber up close.",,,
eis_gunshield,SHIP,"Piloted by the Vengeance-class cruiser's AI rather than a human pilot, the Gunshield Defender drone is built around the Vengeance as a cost-effective solution to its lackluster point-defense grid.",,,
eis_mining_drone,SHIP,"Sturdy and upgraded, the Defense Drone wing can provide a significant bit of fire support, and not much else really. Incapable of operating away from the mothership.",,,
eis_talon,SHIP,"""Who in their right mind gave this cheap and fast fighter with an orange paint? Don't they know the whole purpose of this? And why is there orange paint on this damn thing! Who in Ludd's mind corrupted this production chip!""","- Chuck, recovered from database entries",,
eis_piranha,SHIP,"""Everyday I'm baffled by the technology of the Domain, the microforge says it's creating an engine, cabin, electronics, yet the space is empty, only when it reaches the payload do I see the marvel of this beauty made manifest.""","- Chuck, recovered from database entries",,
eis_thunder_mk2,SHIP,"Extremely fast and well-armed, the XIVth Thunder's strength lies in enabling a carrier to rapidly project force at the desired location.",,,
eis_thunder,SHIP,"Extremely fast and well-armed, the XIVth Thunder's strength lies in enabling a carrier to rapidly disable enemies at the desired location.",,,
eis_dagger,SHIP,"Armed with the Iron Hammer, the regular Dagger may be fragile, but the Dagger used in the XIV used an alternative weaponry of the Iron Hammer that sacrificed some firepower and manuvering of the regular torpedo for a missile distraction that would distract PD systems and drones.",,,
eis_audacious,SHIP,"A survivor of the original 14th Domain Battlegroup which founded the Hegemony, this ship is a prime specimen of the Domain Navy's 'decisive battle' doctrine, particularly exhibited by a series of radical structural modifications performed using pre-Collapse industrial technology.

Audacious-class destroyer are designed for escort duty for the Vengeance-class cruisers. When used, the ship is usually the defender of the cruiser and is used to underpin vital operations under Vengeance command. Under Vengeance command, the ship's relay reserves a coordinated maneuver increase in speed and performing time. Due to its versatility, the vessel also serves quite a few roles.
",,,
eis_vengeance,SHIP,"A survivor of the original 14th Domain Battlegroup which founded the Hegemony, this ship is a prime specimen of the Domain Navy's 'decisive battle' doctrine, particularly exhibited by a series of radical structural modifications performed using pre-Collapse industrial technology.

The Vengeance was designed as a deciding blow against a foreign entity fought during the early Domain's cycles that amassed one of the strongest resistance through their specialties of missiles and turning the Domain drones which were mainly equipped with missiles against the Domain. With an experimental core inside the ship, the ship would use its venting system to create a propulsion blast that would deflect missiles away from their ship brethrens while being able to take the bulk of the damage.",,,
eis_champion,SHIP,"The Champion-class heavy cruiser is a versatile warship featuring a range of powerful weapons; the crowning element is a heavy hybrid turret mounting, rare among midline ships. This offensive array is backed by a robust power grid capable of supercharging the ship's weapon loadout, increasing damage output to devastating levels. A heavy missile hardpoint complements the loadout by enabling the Champion to unleash crippling strikes without taxing flux levels. The Champion is a solid and capable contender, able to face capital ships on the battle-line.

The first time a Hegemony officer laid eyes on a Champion was at the start of the AI wars. The powerful heavy cruiser was a formidable opponent, and the seeming introduction of a new ship into the Persean Sector was cause for alarm; while the cruiser itself was nothing out of the ordinary, the possibility of the League being able to develop new warships prompted an immediate investigation. Reading in to the history of the vessel, Hegemony officials became convinced that they had been cheated, that the Champion had been meant for the 14th Battlegroup, its plans, rightfully theirs. A sense of wounded pride developed in the officers, growing into a wave of revanchism that reached its peak when several of the cruisers were recovered after a battle with the Persean League. The ambitious officers concocted a plan to reclaim what they believed to be their stolen glory. The design was upgraded with salvaged Fourteenth Battlegroup material and modified to better fit Hegemony naval doctrine; in particular, the ship's turrets and subsystems were modified to support a wider array of weaponry. Bedecked in Fourteenth Battlegroup livery, the retrofitted Champion is designed to show the Hegemony’s best days are not behind it.",,,
eis_endeavor,SHIP,"A survivor of the original 14th Domain Battlegroup which founded the Hegemony, this ship is a prime specimen of the Domain Navy's 'decisive battle' doctrine, particularly exhibited by a series of radical structural modifications performed using pre-Collapse industrial technology.

The proponents of the 'Cruiser School' who criticized the Legion for being too insufficiently specialized in its role praised the Endeavor instead which had lesser cost and greater flexibility in battle. The Endeavor mounts an impressive array of heavy weapons as well as hangar-space to field multiple fighter wings.",,,
eis_dauntless,SHIP,"A survivor of the original 14th Domain Battlegroup which founded the Hegemony, this ship is a prime specimen of the Domain Navy's 'decisive battle' doctrine, particularly exhibited by a series of radical structural modifications performed using pre-Collapse industrial technology.

As the Onslaught was deployed to destroy rebels who would prefer to fight face-on, the Dauntless was deployed to destroy guerilla forces who were smart enough to avoid engagement involving the Onslaught. The Dauntless was designed in-mind to focus on the enemy's mobilities as their weakness. Rebels across the Domain who has never seen this ship would soon realize the true potential of its firepower through its ability to manuever and even ram into the enemy's ship head-on into destruction and survive. Few would survive to ever tell the tale of the Dauntless vessels flying in the Sector once more.",,,
#Systems,,,,,
eis_taste_vengeance,SHIP_SYSTEM,"Sends a blast of propulsion waves from the ship, parrying missiles. The process hardens the shields if it successfully parries missiles. If no missiles are parried, the process fails and weakens expanding the shield's arc and soften the shields up to damage.",Defensive,"Sends a blast of propulsion waves from the ship, parrying missiles. The process hardens the shields if it successfully parries missiles. If no missiles are parried, the process fails and weakens expanding the shield's arc and soften the shields up to damage.",
eis_jump,SHIP_SYSTEM,Provides a boost of energy to the ship's engine.,Movement,Provides a boost of energy to the ship's engine.,
eis_highballisticfocus,SHIP_SYSTEM,"Supercharges energy weaponry via additional capacitors, increasing damage by 40% and also accelerates ballistic weaponry loading, providing a 25% increase in rate of fire.",Offensive,"Supercharges energy weaponry via additional capacitors, increasing damage by 40%, and accelerates ballistic weaponry loading, providing a 25% increase in rate of fire.",
eis_microburn,SHIP_SYSTEM,"Provides a brief engine boost, propelling the ship forward at an extreme velocity.",Movement,"Provides a brief engine boost, propelling the ship forward at an extreme velocity.",
